"Block","Treatment","Surface_area_cm2","Species","Tissue","ID","Total_mass_g","Growth_form"
1,"CT",400,"Erivag","BladeSheathInflCulm","264",2.719,"Graminoid"
1,"CT",400,"Erivag","Rhizome","268",1.714,"Graminoid"
1,"CT",400,"Carbig","BladeSheathInflCulm","285",1.086,"Graminoid"
1,"CT",400,"Carbig","Rhizome","258",5.819,"Graminoid"
1,"CT",400,"OtherGraminoid","BladeSheathInflCulm","204",0.044,"Graminoid"
1,"CT",400,"OtherGraminoid","Rhizome","205",0.066,"Graminoid"
1,"CT",400,"Betnan","NewLeaves","17",3.013,"Deciduous"
1,"CT",400,"Betnan","NewStems","18",1.771,"Deciduous"
1,"CT",400,"Betnan","OldStems","19",4.555,"Deciduous"
1,"CT",400,"Betnan","Inflor","20",0.053,"Deciduous"
1,"CT",400,"Betnan","BelowStem","230",35.022,"Deciduous"
1,"CT",400,"Salpul","NewLeaves",NA,0,"Deciduous"
1,"CT",400,"Salpul","NewStems",NA,0,"Deciduous"
1,"CT",400,"Salpul","OldStems",NA,0,"Deciduous"
1,"CT",400,"Salpul","Inflor",NA,0,"Deciduous"
1,"CT",400,"Salpul","BelowStem",NA,0,"Deciduous"
1,"CT",400,"Vaculi","NewLeaves",NA,0,"Deciduous"
1,"CT",400,"Vaculi","NewStems",NA,0,"Deciduous"
1,"CT",400,"Vaculi","OldStems",NA,0,"Deciduous"
1,"CT",400,"Vaculi","Inflor",NA,0,"Deciduous"
1,"CT",400,"Vaculi","BelowStem",NA,0,"Deciduous"
1,"CT",400,"OtherDeciduous","NewLeaves",NA,0,"Deciduous"
1,"CT",400,"OtherDeciduous","NewStems",NA,0,"Deciduous"
1,"CT",400,"OtherDeciduous","OldStems",NA,0,"Deciduous"
1,"CT",400,"OtherDeciduous","Inflor",NA,0,"Deciduous"
1,"CT",400,"OtherDeciduous","BelowStem",NA,0,"Deciduous"
1,"CT",400,"Ledpal","NewLeaves","281",2.943,"Evergreen"
1,"CT",400,"Ledpal","NewStems","282",0.879,"Evergreen"
1,"CT",400,"Ledpal","OldLeaves","283",2.244,"Evergreen"
1,"CT",400,"Ledpal","OldStems","284",7.445,"Evergreen"
1,"CT",400,"Ledpal","Inflor","212",0.194,"Evergreen"
1,"CT",400,"Ledpal","BelowStem","213",32.341,"Evergreen"
1,"CT",400,"Vacvit","NewLeaves","277",5.53,"Evergreen"
1,"CT",400,"Vacvit","NewStems","278",1.181,"Evergreen"
1,"CT",400,"Vacvit","OldLeaves","222",5.213,"Evergreen"
1,"CT",400,"Vacvit","OldStems","279",2.792,"Evergreen"
1,"CT",400,"Vacvit","Inflor","276",0.081,"Evergreen"
1,"CT",400,"Vacvit","BelowStem","280",7.825,"Evergreen"
1,"CT",400,"Castet","NewStems",NA,0,"Evergreen"
1,"CT",400,"Castet","OldStems",NA,0,"Evergreen"
1,"CT",400,"Castet","Inflor",NA,0,"Evergreen"
1,"CT",400,"Castet","BelowStem",NA,0,"Evergreen"
1,"CT",400,"OtherEvergreen","NewLeaves","261",0.259,"Evergreen"
1,"CT",400,"OtherEvergreen","NewStems","265",0.056,"Evergreen"
1,"CT",400,"OtherEvergreen","OldLeaves","266",0.241,"Evergreen"
1,"CT",400,"OtherEvergreen","OldStems","267",0.204,"Evergreen"
1,"CT",400,"OtherEvergreen","Inflor","25",0.016,"Evergreen"
1,"CT",400,"OtherEvergreen","BelowStem","26",0.509,"Evergreen"
1,"CT",400,"Rubcha","LeavesStems","274",1.866,"Forb"
1,"CT",400,"Rubcha","InflorStalks",NA,0,"Forb"
1,"CT",400,"Rubcha","BelowStem","275",7.97,"Forb"
1,"CT",400,"Petfri","LeavesStems",NA,0,"Forb"
1,"CT",400,"Petfri","InflorStalks",NA,0,"Forb"
1,"CT",400,"Petfri","BelowStem",NA,0,"Forb"
1,"CT",400,"OtherForb","LeavesStems","229",0.5,"Forb"
1,"CT",400,"OtherForb","InflorStalks",NA,0,"Forb"
1,"CT",400,"OtherForb","BelowStem","59",1.534,"Forb"
1,"CT",400,"Sphagnum","Green","273",4.665,"Moss"
1,"CT",400,"OtherMoss","Green","269",67.667,"Moss"
1,"CT",400,"Lichen","Live","270",12.426,"Lichen"
1,"CT",400,"Attached","Wood","226",0.385,"Litter"
1,"CT",400,"Attached","Litter","272",9.614,"Litter"
1,"F0.5",400,"Erivag","BladeSheathInflCulm","1648",8.326,"Graminoid"
1,"F0.5",400,"Erivag","Rhizome","1649",5.801,"Graminoid"
1,"F0.5",400,"Carbig","BladeSheathInflCulm","1650",1.265,"Graminoid"
1,"F0.5",400,"Carbig","Rhizome","1669",9.043,"Graminoid"
1,"F0.5",400,"OtherGraminoid","BladeSheathInflCulm",NA,0,"Graminoid"
1,"F0.5",400,"OtherGraminoid","Rhizome",NA,0,"Graminoid"
1,"F0.5",400,"Betnan","NewLeaves","1627",7.115,"Deciduous"
1,"F0.5",400,"Betnan","NewStems","1628",0.562,"Deciduous"
1,"F0.5",400,"Betnan","OldStems","1629",22.611,"Deciduous"
1,"F0.5",400,"Betnan","Inflor",NA,0,"Deciduous"
1,"F0.5",400,"Betnan","BelowStem","1630",29.476,"Deciduous"
1,"F0.5",400,"Salpul","NewLeaves","1930",0.499,"Deciduous"
1,"F0.5",400,"Salpul","NewStems","1931",0.084,"Deciduous"
1,"F0.5",400,"Salpul","OldStems","1932",1.125,"Deciduous"
1,"F0.5",400,"Salpul","Inflor",NA,0,"Deciduous"
1,"F0.5",400,"Salpul","BelowStem","1933",5,"Deciduous"
1,"F0.5",400,"Vaculi","NewLeaves","1637",0.396,"Deciduous"
1,"F0.5",400,"Vaculi","NewStems","1638",0.121,"Deciduous"
1,"F0.5",400,"Vaculi","OldStems","1639",2.673,"Deciduous"
1,"F0.5",400,"Vaculi","Inflor",NA,0,"Deciduous"
1,"F0.5",400,"Vaculi","BelowStem","1640",1.293,"Deciduous"
1,"F0.5",400,"OtherDeciduous","NewLeaves",NA,0,"Deciduous"
1,"F0.5",400,"OtherDeciduous","NewStems",NA,0,"Deciduous"
1,"F0.5",400,"OtherDeciduous","OldStems",NA,0,"Deciduous"
1,"F0.5",400,"OtherDeciduous","Inflor",NA,0,"Deciduous"
1,"F0.5",400,"OtherDeciduous","BelowStem",NA,0,"Deciduous"
1,"F0.5",400,"Ledpal","NewLeaves","1631",4.304,"Evergreen"
1,"F0.5",400,"Ledpal","NewStems","1632",0.974,"Evergreen"
1,"F0.5",400,"Ledpal","OldLeaves","1633",2.037,"Evergreen"
1,"F0.5",400,"Ledpal","OldStems","1634",16.685,"Evergreen"
1,"F0.5",400,"Ledpal","Inflor","1635",0.427,"Evergreen"
1,"F0.5",400,"Ledpal","BelowStem","1636",32.056,"Evergreen"
1,"F0.5",400,"Vacvit","NewLeaves","1641",2.18,"Evergreen"
1,"F0.5",400,"Vacvit","NewStems","1642",0.521,"Evergreen"
1,"F0.5",400,"Vacvit","OldLeaves","1643",2.221,"Evergreen"
1,"F0.5",400,"Vacvit","OldStems","1644",3.564,"Evergreen"
1,"F0.5",400,"Vacvit","Inflor","1670",0.173,"Evergreen"
1,"F0.5",400,"Vacvit","BelowStem","1645",2.872,"Evergreen"
1,"F0.5",400,"Castet","NewStems",NA,0,"Evergreen"
1,"F0.5",400,"Castet","OldStems",NA,0,"Evergreen"
1,"F0.5",400,"Castet","Inflor",NA,0,"Evergreen"
1,"F0.5",400,"Castet","BelowStem",NA,0,"Evergreen"
1,"F0.5",400,"OtherEvergreen","NewLeaves","1652",0.147,"Evergreen"
1,"F0.5",400,"OtherEvergreen","NewStems","1653",0.059,"Evergreen"
1,"F0.5",400,"OtherEvergreen","OldLeaves","1654",0.079,"Evergreen"
1,"F0.5",400,"OtherEvergreen","OldStems","1655",0.132,"Evergreen"
1,"F0.5",400,"OtherEvergreen","Inflor",NA,0,"Evergreen"
1,"F0.5",400,"OtherEvergreen","BelowStem","1656",0.014,"Evergreen"
1,"F0.5",400,"Rubcha","LeavesStems","1699",0.389,"Forb"
1,"F0.5",400,"Rubcha","InflorStalks",NA,0,"Forb"
1,"F0.5",400,"Rubcha","BelowStem","1701",1.494,"Forb"
1,"F0.5",400,"Petfri","LeavesStems",NA,0,"Forb"
1,"F0.5",400,"Petfri","InflorStalks",NA,0,"Forb"
1,"F0.5",400,"Petfri","BelowStem",NA,0,"Forb"
1,"F0.5",400,"OtherForb","LeavesStems","1704",0.187,"Forb"
1,"F0.5",400,"OtherForb","InflorStalks","1705",0.089,"Forb"
1,"F0.5",400,"OtherForb","BelowStem","1723",0.024,"Forb"
1,"F0.5",400,"Sphagnum","Green","1707",0.526,"Moss"
1,"F0.5",400,"OtherMoss","Green","1646",12.532,"Moss"
1,"F0.5",400,"Lichen","Live","1647",15.007,"Lichen"
1,"F0.5",400,"Attached","Wood",NA,0,"Litter"
1,"F0.5",400,"Attached","Litter","1739",41.202,"Litter"
1,"F1",400,"Erivag","BladeSheathInflCulm","233",1.624,"Graminoid"
1,"F1",400,"Erivag","Rhizome","234",0.816,"Graminoid"
1,"F1",400,"Carbig","BladeSheathInflCulm","308",0.739,"Graminoid"
1,"F1",400,"Carbig","Rhizome","316",8.294,"Graminoid"
1,"F1",400,"OtherGraminoid","BladeSheathInflCulm",NA,0,"Graminoid"
1,"F1",400,"OtherGraminoid","Rhizome",NA,0,"Graminoid"
1,"F1",400,"Betnan","NewLeaves","235",2.319,"Deciduous"
1,"F1",400,"Betnan","NewStems","236",0.545,"Deciduous"
1,"F1",400,"Betnan","OldStems","237",13.576,"Deciduous"
1,"F1",400,"Betnan","Inflor","238",0.058,"Deciduous"
1,"F1",400,"Betnan","BelowStem","239",29.178,"Deciduous"
1,"F1",400,"Salpul","NewLeaves",NA,0,"Deciduous"
1,"F1",400,"Salpul","NewStems",NA,0,"Deciduous"
1,"F1",400,"Salpul","OldStems",NA,0,"Deciduous"
1,"F1",400,"Salpul","Inflor",NA,0,"Deciduous"
1,"F1",400,"Salpul","BelowStem",NA,0,"Deciduous"
1,"F1",400,"Vaculi","NewLeaves","317",0.145,"Deciduous"
1,"F1",400,"Vaculi","NewStems","318",0.028,"Deciduous"
1,"F1",400,"Vaculi","OldStems","319",0.343,"Deciduous"
1,"F1",400,"Vaculi","Inflor",NA,0,"Deciduous"
1,"F1",400,"Vaculi","BelowStem","320",0.129,"Deciduous"
1,"F1",400,"OtherDeciduous","NewLeaves",NA,0,"Deciduous"
1,"F1",400,"OtherDeciduous","NewStems",NA,0,"Deciduous"
1,"F1",400,"OtherDeciduous","OldStems",NA,0,"Deciduous"
1,"F1",400,"OtherDeciduous","Inflor",NA,0,"Deciduous"
1,"F1",400,"OtherDeciduous","BelowStem",NA,0,"Deciduous"
1,"F1",400,"Ledpal","NewLeaves","240",2.5,"Evergreen"
1,"F1",400,"Ledpal","NewStems","301",0.616,"Evergreen"
1,"F1",400,"Ledpal","OldLeaves","302",2.544,"Evergreen"
1,"F1",400,"Ledpal","OldStems","303",13.691,"Evergreen"
1,"F1",400,"Ledpal","Inflor","304",0.455,"Evergreen"
1,"F1",400,"Ledpal","BelowStem","305",19.964,"Evergreen"
1,"F1",400,"Vacvit","NewLeaves","310",3.125,"Evergreen"
1,"F1",400,"Vacvit","NewStems","311",0.542,"Evergreen"
1,"F1",400,"Vacvit","OldLeaves","312",4.595,"Evergreen"
1,"F1",400,"Vacvit","OldStems","313",2.414,"Evergreen"
1,"F1",400,"Vacvit","Inflor","314",0.451,"Evergreen"
1,"F1",400,"Vacvit","BelowStem","315",8.244,"Evergreen"
1,"F1",400,"Castet","NewStems","392",0.087,"Evergreen"
1,"F1",400,"Castet","OldStems","393",1.386,"Evergreen"
1,"F1",400,"Castet","Inflor",NA,0,"Evergreen"
1,"F1",400,"Castet","BelowStem","394",1.079,"Evergreen"
1,"F1",400,"OtherEvergreen","NewLeaves",NA,0,"Evergreen"
1,"F1",400,"OtherEvergreen","NewStems",NA,0,"Evergreen"
1,"F1",400,"OtherEvergreen","OldLeaves",NA,0,"Evergreen"
1,"F1",400,"OtherEvergreen","OldStems",NA,0,"Evergreen"
1,"F1",400,"OtherEvergreen","Inflor",NA,0,"Evergreen"
1,"F1",400,"OtherEvergreen","BelowStem",NA,0,"Evergreen"
1,"F1",400,"Rubcha","LeavesStems","395",0.503,"Forb"
1,"F1",400,"Rubcha","InflorStalks",NA,0,"Forb"
1,"F1",400,"Rubcha","BelowStem","321",3.981,"Forb"
1,"F1",400,"Petfri","LeavesStems",NA,0,"Forb"
1,"F1",400,"Petfri","InflorStalks",NA,0,"Forb"
1,"F1",400,"Petfri","BelowStem",NA,0,"Forb"
1,"F1",400,"OtherForb","LeavesStems","306",0.108,"Forb"
1,"F1",400,"OtherForb","InflorStalks",NA,0,"Forb"
1,"F1",400,"OtherForb","BelowStem",NA,0,"Forb"
1,"F1",400,"Sphagnum","Green",NA,0,"Moss"
1,"F1",400,"OtherMoss","Green","232",40.438,"Moss"
1,"F1",400,"Lichen","Live","231",13.652,"Lichen"
1,"F1",400,"Attached","Wood",NA,0,"Litter"
1,"F1",400,"Attached","Litter","307",4.456,"Litter"
1,"F2",400,"Erivag","BladeSheathInflCulm","88",7.047,"Graminoid"
1,"F2",400,"Erivag","Rhizome","68",2.054,"Graminoid"
1,"F2",400,"Carbig","BladeSheathInflCulm","86",0.525,"Graminoid"
1,"F2",400,"Carbig","Rhizome","482",1.935,"Graminoid"
1,"F2",400,"OtherGraminoid","BladeSheathInflCulm","483",0.951,"Graminoid"
1,"F2",400,"OtherGraminoid","Rhizome","484",4.28,"Graminoid"
1,"F2",400,"Betnan","NewLeaves","89",1.5,"Deciduous"
1,"F2",400,"Betnan","NewStems","69",0.212,"Deciduous"
1,"F2",400,"Betnan","OldStems","72",4.119,"Deciduous"
1,"F2",400,"Betnan","Inflor","75",0.01,"Deciduous"
1,"F2",400,"Betnan","BelowStem","415",10.69,"Deciduous"
1,"F2",400,"Salpul","NewLeaves",NA,0,"Deciduous"
1,"F2",400,"Salpul","NewStems",NA,0,"Deciduous"
1,"F2",400,"Salpul","OldStems",NA,0,"Deciduous"
1,"F2",400,"Salpul","Inflor",NA,0,"Deciduous"
1,"F2",400,"Salpul","BelowStem",NA,0,"Deciduous"
1,"F2",400,"Vaculi","NewLeaves",NA,0,"Deciduous"
1,"F2",400,"Vaculi","NewStems",NA,0,"Deciduous"
1,"F2",400,"Vaculi","OldStems",NA,0,"Deciduous"
1,"F2",400,"Vaculi","Inflor",NA,0,"Deciduous"
1,"F2",400,"Vaculi","BelowStem",NA,0,"Deciduous"
1,"F2",400,"OtherDeciduous","NewLeaves",NA,0,"Deciduous"
1,"F2",400,"OtherDeciduous","NewStems",NA,0,"Deciduous"
1,"F2",400,"OtherDeciduous","OldStems",NA,0,"Deciduous"
1,"F2",400,"OtherDeciduous","Inflor",NA,0,"Deciduous"
1,"F2",400,"OtherDeciduous","BelowStem",NA,0,"Deciduous"
1,"F2",400,"Ledpal","NewLeaves","70",8.017,"Evergreen"
1,"F2",400,"Ledpal","NewStems","73",2.81,"Evergreen"
1,"F2",400,"Ledpal","OldLeaves","76",4.404,"Evergreen"
1,"F2",400,"Ledpal","OldStems","79",24.598,"Evergreen"
1,"F2",400,"Ledpal","Inflor","85",1.153,"Evergreen"
1,"F2",400,"Ledpal","BelowStem","82",56.116,"Evergreen"
1,"F2",400,"Vacvit","NewLeaves","78",1.447,"Evergreen"
1,"F2",400,"Vacvit","NewStems","81",0.244,"Evergreen"
1,"F2",400,"Vacvit","OldLeaves","84",3.463,"Evergreen"
1,"F2",400,"Vacvit","OldStems","87",2.262,"Evergreen"
1,"F2",400,"Vacvit","Inflor",NA,0,"Evergreen"
1,"F2",400,"Vacvit","BelowStem","495",2.652,"Evergreen"
1,"F2",400,"Castet","NewStems",NA,0,"Evergreen"
1,"F2",400,"Castet","OldStems",NA,0,"Evergreen"
1,"F2",400,"Castet","Inflor",NA,0,"Evergreen"
1,"F2",400,"Castet","BelowStem",NA,0,"Evergreen"
1,"F2",400,"OtherEvergreen","NewLeaves",NA,0,"Evergreen"
1,"F2",400,"OtherEvergreen","NewStems",NA,0,"Evergreen"
1,"F2",400,"OtherEvergreen","OldLeaves",NA,0,"Evergreen"
1,"F2",400,"OtherEvergreen","OldStems",NA,0,"Evergreen"
1,"F2",400,"OtherEvergreen","Inflor",NA,0,"Evergreen"
1,"F2",400,"OtherEvergreen","BelowStem",NA,0,"Evergreen"
1,"F2",400,"Rubcha","LeavesStems","77",1.319,"Forb"
1,"F2",400,"Rubcha","InflorStalks","80",0.009,"Forb"
1,"F2",400,"Rubcha","BelowStem","83",5.014,"Forb"
1,"F2",400,"Petfri","LeavesStems",NA,0,"Forb"
1,"F2",400,"Petfri","InflorStalks",NA,0,"Forb"
1,"F2",400,"Petfri","BelowStem",NA,0,"Forb"
1,"F2",400,"OtherForb","LeavesStems",NA,0,"Forb"
1,"F2",400,"OtherForb","InflorStalks",NA,0,"Forb"
1,"F2",400,"OtherForb","BelowStem",NA,0,"Forb"
1,"F2",400,"Sphagnum","Green","74",0.151,"Moss"
1,"F2",400,"OtherMoss","Green","498",6.644,"Moss"
1,"F2",400,"Lichen","Live","71",6.067,"Lichen"
1,"F2",400,"Attached","Wood",NA,0,"Litter"
1,"F2",400,"Attached","Litter","90",0.093,"Litter"
1,"F5",400,"Erivag","BladeSheathInflCulm","93",0.542,"Graminoid"
1,"F5",400,"Erivag","Rhizome",NA,0,"Graminoid"
1,"F5",400,"Carbig","BladeSheathInflCulm","337",3.903,"Graminoid"
1,"F5",400,"Carbig","Rhizome","338",4.056,"Graminoid"
1,"F5",400,"OtherGraminoid","BladeSheathInflCulm","119",3.14,"Graminoid"
1,"F5",400,"OtherGraminoid","Rhizome","96",3.154,"Graminoid"
1,"F5",400,"Betnan","NewLeaves","108",4.109,"Deciduous"
1,"F5",400,"Betnan","NewStems","105",1.054,"Deciduous"
1,"F5",400,"Betnan","OldStems","111",16.788,"Deciduous"
1,"F5",400,"Betnan","Inflor","348",0.009,"Deciduous"
1,"F5",400,"Betnan","BelowStem","114",49.912,"Deciduous"
1,"F5",400,"Salpul","NewLeaves",NA,0,"Deciduous"
1,"F5",400,"Salpul","NewStems",NA,0,"Deciduous"
1,"F5",400,"Salpul","OldStems",NA,0,"Deciduous"
1,"F5",400,"Salpul","Inflor",NA,0,"Deciduous"
1,"F5",400,"Salpul","BelowStem",NA,0,"Deciduous"
1,"F5",400,"Vaculi","NewLeaves",NA,0,"Deciduous"
1,"F5",400,"Vaculi","NewStems",NA,0,"Deciduous"
1,"F5",400,"Vaculi","OldStems",NA,0,"Deciduous"
1,"F5",400,"Vaculi","Inflor",NA,0,"Deciduous"
1,"F5",400,"Vaculi","BelowStem",NA,0,"Deciduous"
1,"F5",400,"OtherDeciduous","NewLeaves","135",0.002,"Deciduous"
1,"F5",400,"OtherDeciduous","NewStems","136",0.004,"Deciduous"
1,"F5",400,"OtherDeciduous","OldStems",NA,0,"Deciduous"
1,"F5",400,"OtherDeciduous","Inflor",NA,0,"Deciduous"
1,"F5",400,"OtherDeciduous","BelowStem",NA,0,"Deciduous"
1,"F5",400,"Ledpal","NewLeaves","118",4.717,"Evergreen"
1,"F5",400,"Ledpal","NewStems","115",2.05,"Evergreen"
1,"F5",400,"Ledpal","OldLeaves","92",4.082,"Evergreen"
1,"F5",400,"Ledpal","OldStems","95",29.091,"Evergreen"
1,"F5",400,"Ledpal","Inflor","98",0.939,"Evergreen"
1,"F5",400,"Ledpal","BelowStem","101",35.372,"Evergreen"
1,"F5",400,"Vacvit","NewLeaves","104",0.148,"Evergreen"
1,"F5",400,"Vacvit","NewStems","107",0.0412,"Evergreen"
1,"F5",400,"Vacvit","OldLeaves","110",0.353,"Evergreen"
1,"F5",400,"Vacvit","OldStems","113",0.234,"Evergreen"
1,"F5",400,"Vacvit","Inflor",NA,0,"Evergreen"
1,"F5",400,"Vacvit","BelowStem","116",1.201,"Evergreen"
1,"F5",400,"Castet","NewStems",NA,0,"Evergreen"
1,"F5",400,"Castet","OldStems",NA,0,"Evergreen"
1,"F5",400,"Castet","Inflor",NA,0,"Evergreen"
1,"F5",400,"Castet","BelowStem",NA,0,"Evergreen"
1,"F5",400,"OtherEvergreen","NewLeaves",NA,0,"Evergreen"
1,"F5",400,"OtherEvergreen","NewStems",NA,0,"Evergreen"
1,"F5",400,"OtherEvergreen","OldLeaves",NA,0,"Evergreen"
1,"F5",400,"OtherEvergreen","OldStems",NA,0,"Evergreen"
1,"F5",400,"OtherEvergreen","Inflor",NA,0,"Evergreen"
1,"F5",400,"OtherEvergreen","BelowStem",NA,0,"Evergreen"
1,"F5",400,"Rubcha","LeavesStems","109",3.774,"Forb"
1,"F5",400,"Rubcha","InflorStalks",NA,0,"Forb"
1,"F5",400,"Rubcha","BelowStem","112",13.226,"Forb"
1,"F5",400,"Petfri","LeavesStems",NA,0,"Forb"
1,"F5",400,"Petfri","InflorStalks",NA,0,"Forb"
1,"F5",400,"Petfri","BelowStem",NA,0,"Forb"
1,"F5",400,"OtherForb","LeavesStems",NA,0,"Forb"
1,"F5",400,"OtherForb","InflorStalks",NA,0,"Forb"
1,"F5",400,"OtherForb","BelowStem",NA,0,"Forb"
1,"F5",400,"Sphagnum","Green",NA,0,"Moss"
1,"F5",400,"OtherMoss","Green","102",4.566,"Moss"
1,"F5",400,"Lichen","Live","339",1.897,"Lichen"
1,"F5",400,"Attached","Wood","349",1.607,"Litter"
1,"F5",400,"Attached","Litter","99",1.758,"Litter"
1,"F10",400,"Erivag","BladeSheathInflCulm","31",1.278,"Graminoid"
1,"F10",400,"Erivag","Rhizome","45",1.371,"Graminoid"
1,"F10",400,"Carbig","BladeSheathInflCulm",NA,0,"Graminoid"
1,"F10",400,"Carbig","Rhizome",NA,0,"Graminoid"
1,"F10",400,"OtherGraminoid","BladeSheathInflCulm","32",1.269,"Graminoid"
1,"F10",400,"OtherGraminoid","Rhizome","46",2.04,"Graminoid"
1,"F10",400,"Betnan","NewLeaves","33",12.666,"Deciduous"
1,"F10",400,"Betnan","NewStems","34",3.656,"Deciduous"
1,"F10",400,"Betnan","OldStems","35",44.566,"Deciduous"
1,"F10",400,"Betnan","Inflor","9",1.064,"Deciduous"
1,"F10",400,"Betnan","BelowStem","36",13.178,"Deciduous"
1,"F10",400,"Salpul","NewLeaves",NA,0,"Deciduous"
1,"F10",400,"Salpul","NewStems",NA,0,"Deciduous"
1,"F10",400,"Salpul","OldStems",NA,0,"Deciduous"
1,"F10",400,"Salpul","Inflor",NA,0,"Deciduous"
1,"F10",400,"Salpul","BelowStem",NA,0,"Deciduous"
1,"F10",400,"Vaculi","NewLeaves",NA,0,"Deciduous"
1,"F10",400,"Vaculi","NewStems",NA,0,"Deciduous"
1,"F10",400,"Vaculi","OldStems",NA,0,"Deciduous"
1,"F10",400,"Vaculi","Inflor",NA,0,"Deciduous"
1,"F10",400,"Vaculi","BelowStem",NA,0,"Deciduous"
1,"F10",400,"OtherDeciduous","NewLeaves",NA,0,"Deciduous"
1,"F10",400,"OtherDeciduous","NewStems",NA,0,"Deciduous"
1,"F10",400,"OtherDeciduous","OldStems",NA,0,"Deciduous"
1,"F10",400,"OtherDeciduous","Inflor",NA,0,"Deciduous"
1,"F10",400,"OtherDeciduous","BelowStem",NA,0,"Deciduous"
1,"F10",400,"Ledpal","NewLeaves","37",0.674,"Evergreen"
1,"F10",400,"Ledpal","NewStems","38",0.21,"Evergreen"
1,"F10",400,"Ledpal","OldLeaves","160",0.601,"Evergreen"
1,"F10",400,"Ledpal","OldStems","39",4.07,"Evergreen"
1,"F10",400,"Ledpal","Inflor","162",0.246,"Evergreen"
1,"F10",400,"Ledpal","BelowStem","16",1.439,"Evergreen"
1,"F10",400,"Vacvit","NewLeaves",NA,0,"Evergreen"
1,"F10",400,"Vacvit","NewStems",NA,0,"Evergreen"
1,"F10",400,"Vacvit","OldLeaves",NA,0,"Evergreen"
1,"F10",400,"Vacvit","OldStems",NA,0,"Evergreen"
1,"F10",400,"Vacvit","Inflor",NA,0,"Evergreen"
1,"F10",400,"Vacvit","BelowStem",NA,0,"Evergreen"
1,"F10",400,"Castet","NewStems",NA,0,"Evergreen"
1,"F10",400,"Castet","OldStems",NA,0,"Evergreen"
1,"F10",400,"Castet","Inflor",NA,0,"Evergreen"
1,"F10",400,"Castet","BelowStem",NA,0,"Evergreen"
1,"F10",400,"OtherEvergreen","NewLeaves",NA,0,"Evergreen"
1,"F10",400,"OtherEvergreen","NewStems",NA,0,"Evergreen"
1,"F10",400,"OtherEvergreen","OldLeaves",NA,0,"Evergreen"
1,"F10",400,"OtherEvergreen","OldStems",NA,0,"Evergreen"
1,"F10",400,"OtherEvergreen","Inflor",NA,0,"Evergreen"
1,"F10",400,"OtherEvergreen","BelowStem",NA,0,"Evergreen"
1,"F10",400,"Rubcha","LeavesStems","40",14.135,"Forb"
1,"F10",400,"Rubcha","InflorStalks","12",0.279,"Forb"
1,"F10",400,"Rubcha","BelowStem","41",34.23,"Forb"
1,"F10",400,"Petfri","LeavesStems",NA,0,"Forb"
1,"F10",400,"Petfri","InflorStalks",NA,0,"Forb"
1,"F10",400,"Petfri","BelowStem",NA,0,"Forb"
1,"F10",400,"OtherForb","LeavesStems",NA,0,"Forb"
1,"F10",400,"OtherForb","InflorStalks",NA,0,"Forb"
1,"F10",400,"OtherForb","BelowStem",NA,0,"Forb"
1,"F10",400,"Sphagnum","Green",NA,0,"Moss"
1,"F10",400,"OtherMoss","Green",NA,0,"Moss"
1,"F10",400,"Lichen","Live",NA,0,"Lichen"
1,"F10",400,"Attached","Wood","42",9.371,"Litter"
1,"F10",400,"Attached","Litter","43",8.117,"Litter"
2,"CT",400,"Erivag","BladeSheathInflCulm","765",3.158,"Graminoid"
2,"CT",400,"Erivag","Rhizome","762",1.414,"Graminoid"
2,"CT",400,"Carbig","BladeSheathInflCulm","860",0.372,"Graminoid"
2,"CT",400,"Carbig","Rhizome","863",0.832,"Graminoid"
2,"CT",400,"OtherGraminoid","BladeSheathInflCulm","768",0.059,"Graminoid"
2,"CT",400,"OtherGraminoid","Rhizome","771",0.039,"Graminoid"
2,"CT",400,"Betnan","NewLeaves","585",1.544,"Deciduous"
2,"CT",400,"Betnan","NewStems","820",0.177,"Deciduous"
2,"CT",400,"Betnan","OldStems","586",8.664,"Deciduous"
2,"CT",400,"Betnan","Inflor","587",0.018,"Deciduous"
2,"CT",400,"Betnan","BelowStem","857",22.812,"Deciduous"
2,"CT",400,"Salpul","NewLeaves","770",0.017,"Deciduous"
2,"CT",400,"Salpul","NewStems",NA,0,"Deciduous"
2,"CT",400,"Salpul","OldStems","773",0.969,"Deciduous"
2,"CT",400,"Salpul","Inflor",NA,0,"Deciduous"
2,"CT",400,"Salpul","BelowStem",NA,0,"Deciduous"
2,"CT",400,"Vaculi","NewLeaves",NA,0,"Deciduous"
2,"CT",400,"Vaculi","NewStems",NA,0,"Deciduous"
2,"CT",400,"Vaculi","OldStems",NA,0,"Deciduous"
2,"CT",400,"Vaculi","Inflor",NA,0,"Deciduous"
2,"CT",400,"Vaculi","BelowStem",NA,0,"Deciduous"
2,"CT",400,"OtherDeciduous","NewLeaves",NA,0,"Deciduous"
2,"CT",400,"OtherDeciduous","NewStems",NA,0,"Deciduous"
2,"CT",400,"OtherDeciduous","OldStems",NA,0,"Deciduous"
2,"CT",400,"OtherDeciduous","Inflor",NA,0,"Deciduous"
2,"CT",400,"OtherDeciduous","BelowStem",NA,0,"Deciduous"
2,"CT",400,"Ledpal","NewLeaves","842",3.794,"Evergreen"
2,"CT",400,"Ledpal","NewStems","845",0.909,"Evergreen"
2,"CT",400,"Ledpal","OldLeaves","848",1.713,"Evergreen"
2,"CT",400,"Ledpal","OldStems","851",20.215,"Evergreen"
2,"CT",400,"Ledpal","Inflor","854",1.201,"Evergreen"
2,"CT",400,"Ledpal","BelowStem","584",41.515,"Evergreen"
2,"CT",400,"Vacvit","NewLeaves","869",5.8,"Evergreen"
2,"CT",400,"Vacvit","NewStems","843",1.518,"Evergreen"
2,"CT",400,"Vacvit","OldLeaves","846",2.788,"Evergreen"
2,"CT",400,"Vacvit","OldStems","849",1.787,"Evergreen"
2,"CT",400,"Vacvit","Inflor","870",0.4,"Evergreen"
2,"CT",400,"Vacvit","BelowStem","852",6.161,"Evergreen"
2,"CT",400,"Castet","NewStems",NA,0,"Evergreen"
2,"CT",400,"Castet","OldStems",NA,0,"Evergreen"
2,"CT",400,"Castet","Inflor",NA,0,"Evergreen"
2,"CT",400,"Castet","BelowStem",NA,0,"Evergreen"
2,"CT",400,"OtherEvergreen","NewLeaves","858",0.312,"Evergreen"
2,"CT",400,"OtherEvergreen","NewStems","861",0.141,"Evergreen"
2,"CT",400,"OtherEvergreen","OldLeaves","864",0.48,"Evergreen"
2,"CT",400,"OtherEvergreen","OldStems","867",1.918,"Evergreen"
2,"CT",400,"OtherEvergreen","Inflor","426",0.004,"Evergreen"
2,"CT",400,"OtherEvergreen","BelowStem","441",0.469,"Evergreen"
2,"CT",400,"Rubcha","LeavesStems",NA,0,"Forb"
2,"CT",400,"Rubcha","InflorStalks",NA,0,"Forb"
2,"CT",400,"Rubcha","BelowStem","855",0.967,"Forb"
2,"CT",400,"Petfri","LeavesStems",NA,0,"Forb"
2,"CT",400,"Petfri","InflorStalks",NA,0,"Forb"
2,"CT",400,"Petfri","BelowStem",NA,0,"Forb"
2,"CT",400,"OtherForb","LeavesStems","436",0.146,"Forb"
2,"CT",400,"OtherForb","InflorStalks",NA,0,"Forb"
2,"CT",400,"OtherForb","BelowStem","439",0.215,"Forb"
2,"CT",400,"Sphagnum","Green","428",0.456,"Moss"
2,"CT",400,"OtherMoss","Green","868",15.288,"Moss"
2,"CT",400,"Lichen","Live","865",11.906,"Lichen"
2,"CT",400,"Attached","Wood","447",1.534,"Litter"
2,"CT",400,"Attached","Litter","594",0.345,"Litter"
2,"F0.5",400,"Erivag","BladeSheathInflCulm","2008",5.049,"Graminoid"
2,"F0.5",400,"Erivag","Rhizome","2009",2.324,"Graminoid"
2,"F0.5",400,"Carbig","BladeSheathInflCulm","1951",1.515,"Graminoid"
2,"F0.5",400,"Carbig","Rhizome","1952",7.846,"Graminoid"
2,"F0.5",400,"OtherGraminoid","BladeSheathInflCulm",NA,0,"Graminoid"
2,"F0.5",400,"OtherGraminoid","Rhizome",NA,0,"Graminoid"
2,"F0.5",400,"Betnan","NewLeaves","1996",0.759,"Deciduous"
2,"F0.5",400,"Betnan","NewStems","1995",0.094,"Deciduous"
2,"F0.5",400,"Betnan","OldStems","1997",1.87,"Deciduous"
2,"F0.5",400,"Betnan","Inflor",NA,0,"Deciduous"
2,"F0.5",400,"Betnan","BelowStem","2002",25.012,"Deciduous"
2,"F0.5",400,"Salpul","NewLeaves","669",1.175,"Deciduous"
2,"F0.5",400,"Salpul","NewStems","670",0.249,"Deciduous"
2,"F0.5",400,"Salpul","OldStems","671",6.701,"Deciduous"
2,"F0.5",400,"Salpul","Inflor",NA,0,"Deciduous"
2,"F0.5",400,"Salpul","BelowStem",NA,0,"Deciduous"
2,"F0.5",400,"Vaculi","NewLeaves",NA,0,"Deciduous"
2,"F0.5",400,"Vaculi","NewStems",NA,0,"Deciduous"
2,"F0.5",400,"Vaculi","OldStems",NA,0,"Deciduous"
2,"F0.5",400,"Vaculi","Inflor",NA,0,"Deciduous"
2,"F0.5",400,"Vaculi","BelowStem",NA,0,"Deciduous"
2,"F0.5",400,"OtherDeciduous","NewLeaves",NA,0,"Deciduous"
2,"F0.5",400,"OtherDeciduous","NewStems",NA,0,"Deciduous"
2,"F0.5",400,"OtherDeciduous","OldStems",NA,0,"Deciduous"
2,"F0.5",400,"OtherDeciduous","Inflor",NA,0,"Deciduous"
2,"F0.5",400,"OtherDeciduous","BelowStem",NA,0,"Deciduous"
2,"F0.5",400,"Ledpal","NewLeaves","1987",5.284,"Evergreen"
2,"F0.5",400,"Ledpal","NewStems","1988",1.084,"Evergreen"
2,"F0.5",400,"Ledpal","OldLeaves","1989",2.798,"Evergreen"
2,"F0.5",400,"Ledpal","OldStems","1990",24.006,"Evergreen"
2,"F0.5",400,"Ledpal","Inflor","1991",1.631,"Evergreen"
2,"F0.5",400,"Ledpal","BelowStem","1992",26.785,"Evergreen"
2,"F0.5",400,"Vacvit","NewLeaves","1981",3.393,"Evergreen"
2,"F0.5",400,"Vacvit","NewStems","1982",0.779,"Evergreen"
2,"F0.5",400,"Vacvit","OldLeaves","1983",2.749,"Evergreen"
2,"F0.5",400,"Vacvit","OldStems","1984",2.546,"Evergreen"
2,"F0.5",400,"Vacvit","Inflor","1985",0.289,"Evergreen"
2,"F0.5",400,"Vacvit","BelowStem","1986",4.511,"Evergreen"
2,"F0.5",400,"Castet","NewStems","796",0.798,"Evergreen"
2,"F0.5",400,"Castet","OldStems","799",2.149,"Evergreen"
2,"F0.5",400,"Castet","Inflor","802",0.657,"Evergreen"
2,"F0.5",400,"Castet","BelowStem",NA,0,"Evergreen"
2,"F0.5",400,"OtherEvergreen","NewLeaves","2003",0.724,"Evergreen"
2,"F0.5",400,"OtherEvergreen","NewStems","2004",0.077,"Evergreen"
2,"F0.5",400,"OtherEvergreen","OldLeaves","2005",0.521,"Evergreen"
2,"F0.5",400,"OtherEvergreen","OldStems","2006",0.96,"Evergreen"
2,"F0.5",400,"OtherEvergreen","Inflor","676",0.01,"Evergreen"
2,"F0.5",400,"OtherEvergreen","BelowStem","2007",0.059,"Evergreen"
2,"F0.5",400,"Rubcha","LeavesStems","1998",0.774,"Forb"
2,"F0.5",400,"Rubcha","InflorStalks",NA,0,"Forb"
2,"F0.5",400,"Rubcha","BelowStem","1999",2.757,"Forb"
2,"F0.5",400,"Petfri","LeavesStems","2000",0.011,"Forb"
2,"F0.5",400,"Petfri","InflorStalks",NA,0,"Forb"
2,"F0.5",400,"Petfri","BelowStem",NA,0,"Forb"
2,"F0.5",400,"OtherForb","LeavesStems","786",0.006,"Forb"
2,"F0.5",400,"OtherForb","InflorStalks",NA,0,"Forb"
2,"F0.5",400,"OtherForb","BelowStem","800",0.014,"Forb"
2,"F0.5",400,"Sphagnum","Green","872",4.756,"Moss"
2,"F0.5",400,"OtherMoss","Green","1993",15.112,"Moss"
2,"F0.5",400,"Lichen","Live","1994",11.63,"Lichen"
2,"F0.5",400,"Attached","Wood",NA,0,"Litter"
2,"F0.5",400,"Attached","Litter","2010",0.269,"Litter"
2,"F1",400,"Erivag","BladeSheathInflCulm","934",3.567,"Graminoid"
2,"F1",400,"Erivag","Rhizome","992",5.606,"Graminoid"
2,"F1",400,"Carbig","BladeSheathInflCulm","477",0.823,"Graminoid"
2,"F1",400,"Carbig","Rhizome","480",1.709,"Graminoid"
2,"F1",400,"OtherGraminoid","BladeSheathInflCulm",NA,0,"Graminoid"
2,"F1",400,"OtherGraminoid","Rhizome","728",0.236,"Graminoid"
2,"F1",400,"Betnan","NewLeaves","644",1.507,"Deciduous"
2,"F1",400,"Betnan","NewStems","645",0.657,"Deciduous"
2,"F1",400,"Betnan","OldStems","646",6.228,"Deciduous"
2,"F1",400,"Betnan","Inflor","708",0.029,"Deciduous"
2,"F1",400,"Betnan","BelowStem","647",21.72,"Deciduous"
2,"F1",400,"Salpul","NewLeaves","635",0.582,"Deciduous"
2,"F1",400,"Salpul","NewStems","636",0.082,"Deciduous"
2,"F1",400,"Salpul","OldStems","637",0.998,"Deciduous"
2,"F1",400,"Salpul","Inflor",NA,0,"Deciduous"
2,"F1",400,"Salpul","BelowStem",NA,0,"Deciduous"
2,"F1",400,"Vaculi","NewLeaves","631",0.877,"Deciduous"
2,"F1",400,"Vaculi","NewStems","632",0.245,"Deciduous"
2,"F1",400,"Vaculi","OldStems","633",1.953,"Deciduous"
2,"F1",400,"Vaculi","Inflor",NA,0,"Deciduous"
2,"F1",400,"Vaculi","BelowStem","634",1.793,"Deciduous"
2,"F1",400,"OtherDeciduous","NewLeaves",NA,0,"Deciduous"
2,"F1",400,"OtherDeciduous","NewStems",NA,0,"Deciduous"
2,"F1",400,"OtherDeciduous","OldStems",NA,0,"Deciduous"
2,"F1",400,"OtherDeciduous","Inflor",NA,0,"Deciduous"
2,"F1",400,"OtherDeciduous","BelowStem",NA,0,"Deciduous"
2,"F1",400,"Ledpal","NewLeaves","653",4.478,"Evergreen"
2,"F1",400,"Ledpal","NewStems","654",0.997,"Evergreen"
2,"F1",400,"Ledpal","OldLeaves","655",1.177,"Evergreen"
2,"F1",400,"Ledpal","OldStems","656",16.093,"Evergreen"
2,"F1",400,"Ledpal","Inflor","657",0.508,"Evergreen"
2,"F1",400,"Ledpal","BelowStem","638",30.361,"Evergreen"
2,"F1",400,"Vacvit","NewLeaves","648",2.64,"Evergreen"
2,"F1",400,"Vacvit","NewStems","649",0.582,"Evergreen"
2,"F1",400,"Vacvit","OldLeaves","950",3.675,"Evergreen"
2,"F1",400,"Vacvit","OldStems","650",2.601,"Evergreen"
2,"F1",400,"Vacvit","Inflor","651",0.064,"Evergreen"
2,"F1",400,"Vacvit","BelowStem","652",7.608,"Evergreen"
2,"F1",400,"Castet","NewStems",NA,0,"Evergreen"
2,"F1",400,"Castet","OldStems",NA,0,"Evergreen"
2,"F1",400,"Castet","Inflor",NA,0,"Evergreen"
2,"F1",400,"Castet","BelowStem",NA,0,"Evergreen"
2,"F1",400,"OtherEvergreen","NewLeaves","658",0.532,"Evergreen"
2,"F1",400,"OtherEvergreen","NewStems","659",0.084,"Evergreen"
2,"F1",400,"OtherEvergreen","OldLeaves","660",1.38,"Evergreen"
2,"F1",400,"OtherEvergreen","OldStems","661",3.854,"Evergreen"
2,"F1",400,"OtherEvergreen","Inflor","662",0.088,"Evergreen"
2,"F1",400,"OtherEvergreen","BelowStem","663",1.475,"Evergreen"
2,"F1",400,"Rubcha","LeavesStems","640",1.241,"Forb"
2,"F1",400,"Rubcha","InflorStalks","957",0.056,"Forb"
2,"F1",400,"Rubcha","BelowStem","641",8.313,"Forb"
2,"F1",400,"Petfri","LeavesStems",NA,0,"Forb"
2,"F1",400,"Petfri","InflorStalks",NA,0,"Forb"
2,"F1",400,"Petfri","BelowStem",NA,0,"Forb"
2,"F1",400,"OtherForb","LeavesStems","639",0.273,"Forb"
2,"F1",400,"OtherForb","InflorStalks",NA,0,"Forb"
2,"F1",400,"OtherForb","BelowStem","696",2.903,"Forb"
2,"F1",400,"Sphagnum","Green","642",9.144,"Moss"
2,"F1",400,"OtherMoss","Green","643",7.598,"Moss"
2,"F1",400,"Lichen","Live","940",3.506,"Lichen"
2,"F1",400,"Attached","Wood",NA,0,"Litter"
2,"F1",400,"Attached","Litter","1016",0.202,"Litter"
2,"F2",400,"Erivag","BladeSheathInflCulm","1112",3.556,"Graminoid"
2,"F2",400,"Erivag","Rhizome","1113",3.123,"Graminoid"
2,"F2",400,"Carbig","BladeSheathInflCulm","458",0.247,"Graminoid"
2,"F2",400,"Carbig","Rhizome",NA,0,"Graminoid"
2,"F2",400,"OtherGraminoid","BladeSheathInflCulm",NA,0,"Graminoid"
2,"F2",400,"OtherGraminoid","Rhizome",NA,0,"Graminoid"
2,"F2",400,"Betnan","NewLeaves","1082",3.987,"Deciduous"
2,"F2",400,"Betnan","NewStems","1195",0.78,"Deciduous"
2,"F2",400,"Betnan","OldStems","1083",8.571,"Deciduous"
2,"F2",400,"Betnan","Inflor","1197",0.079,"Deciduous"
2,"F2",400,"Betnan","BelowStem","1085",47.594,"Deciduous"
2,"F2",400,"Salpul","NewLeaves","1173",0.604,"Deciduous"
2,"F2",400,"Salpul","NewStems","1178",0.148,"Deciduous"
2,"F2",400,"Salpul","OldStems","1176",2.296,"Deciduous"
2,"F2",400,"Salpul","Inflor",NA,0,"Deciduous"
2,"F2",400,"Salpul","BelowStem","1179",0.799,"Deciduous"
2,"F2",400,"Vaculi","NewLeaves","1086",0.027,"Deciduous"
2,"F2",400,"Vaculi","NewStems","1184",0.004,"Deciduous"
2,"F2",400,"Vaculi","OldStems","1088",0.469,"Deciduous"
2,"F2",400,"Vaculi","Inflor",NA,0,"Deciduous"
2,"F2",400,"Vaculi","BelowStem","1089",3.761,"Deciduous"
2,"F2",400,"OtherDeciduous","NewLeaves","454",0.018,"Deciduous"
2,"F2",400,"OtherDeciduous","NewStems","457",0.001,"Deciduous"
2,"F2",400,"OtherDeciduous","OldStems","460",0.116,"Deciduous"
2,"F2",400,"OtherDeciduous","Inflor",NA,0,"Deciduous"
2,"F2",400,"OtherDeciduous","BelowStem","463",0.148,"Deciduous"
2,"F2",400,"Ledpal","NewLeaves","1091",3.758,"Evergreen"
2,"F2",400,"Ledpal","NewStems","1092",1.049,"Evergreen"
2,"F2",400,"Ledpal","OldLeaves","1094",1.661,"Evergreen"
2,"F2",400,"Ledpal","OldStems","1095",11.282,"Evergreen"
2,"F2",400,"Ledpal","Inflor","1097",0.813,"Evergreen"
2,"F2",400,"Ledpal","BelowStem","1098",17.081,"Evergreen"
2,"F2",400,"Vacvit","NewLeaves","1100",7.689,"Evergreen"
2,"F2",400,"Vacvit","NewStems","1101",1.443,"Evergreen"
2,"F2",400,"Vacvit","OldLeaves","1103",16.084,"Evergreen"
2,"F2",400,"Vacvit","OldStems","1104",9.937,"Evergreen"
2,"F2",400,"Vacvit","Inflor","1106",0.061,"Evergreen"
2,"F2",400,"Vacvit","BelowStem","1107",9.762,"Evergreen"
2,"F2",400,"Castet","NewStems",NA,0,"Evergreen"
2,"F2",400,"Castet","OldStems",NA,0,"Evergreen"
2,"F2",400,"Castet","Inflor",NA,0,"Evergreen"
2,"F2",400,"Castet","BelowStem",NA,0,"Evergreen"
2,"F2",400,"OtherEvergreen","NewLeaves","1115",0.363,"Evergreen"
2,"F2",400,"OtherEvergreen","NewStems","1116",0.033,"Evergreen"
2,"F2",400,"OtherEvergreen","OldLeaves","1117",1.031,"Evergreen"
2,"F2",400,"OtherEvergreen","OldStems","1118",1.576,"Evergreen"
2,"F2",400,"OtherEvergreen","Inflor","1119",0.02,"Evergreen"
2,"F2",400,"OtherEvergreen","BelowStem","1120",0.656,"Evergreen"
2,"F2",400,"Rubcha","LeavesStems","1109",3.312,"Forb"
2,"F2",400,"Rubcha","InflorStalks",NA,0,"Forb"
2,"F2",400,"Rubcha","BelowStem","1110",7.578,"Forb"
2,"F2",400,"Petfri","LeavesStems",NA,0,"Forb"
2,"F2",400,"Petfri","InflorStalks",NA,0,"Forb"
2,"F2",400,"Petfri","BelowStem",NA,0,"Forb"
2,"F2",400,"OtherForb","LeavesStems","1148",0.335,"Forb"
2,"F2",400,"OtherForb","InflorStalks",NA,0,"Forb"
2,"F2",400,"OtherForb","BelowStem",NA,0,"Forb"
2,"F2",400,"Sphagnum","Green","1177",0.066,"Moss"
2,"F2",400,"OtherMoss","Green","1108",10.437,"Moss"
2,"F2",400,"Lichen","Live","1111",1.173,"Lichen"
2,"F2",400,"Attached","Wood",NA,0,"Litter"
2,"F2",400,"Attached","Litter","1114",0.096,"Litter"
2,"F5",400,"Erivag","BladeSheathInflCulm","928",2.742,"Graminoid"
2,"F5",400,"Erivag","Rhizome","929",2.619,"Graminoid"
2,"F5",400,"Carbig","BladeSheathInflCulm","1022",1.1,"Graminoid"
2,"F5",400,"Carbig","Rhizome","503",11.053,"Graminoid"
2,"F5",400,"OtherGraminoid","BladeSheathInflCulm","504",4.72,"Graminoid"
2,"F5",400,"OtherGraminoid","Rhizome","505",6.026,"Graminoid"
2,"F5",400,"Betnan","NewLeaves","911",8.627,"Deciduous"
2,"F5",400,"Betnan","NewStems","912",1.698,"Deciduous"
2,"F5",400,"Betnan","OldStems","913",38.412,"Deciduous"
2,"F5",400,"Betnan","Inflor","914",1.715,"Deciduous"
2,"F5",400,"Betnan","BelowStem","915",26.086,"Deciduous"
2,"F5",400,"Salpul","NewLeaves","510",0.314,"Deciduous"
2,"F5",400,"Salpul","NewStems",NA,0,"Deciduous"
2,"F5",400,"Salpul","OldStems","528",1.087,"Deciduous"
2,"F5",400,"Salpul","Inflor",NA,0,"Deciduous"
2,"F5",400,"Salpul","BelowStem",NA,0,"Deciduous"
2,"F5",400,"Vaculi","NewLeaves","927",0.214,"Deciduous"
2,"F5",400,"Vaculi","NewStems","533",0.036,"Deciduous"
2,"F5",400,"Vaculi","OldStems","534",5.172,"Deciduous"
2,"F5",400,"Vaculi","Inflor",NA,0,"Deciduous"
2,"F5",400,"Vaculi","BelowStem",NA,0,"Deciduous"
2,"F5",400,"OtherDeciduous","NewLeaves",NA,0,"Deciduous"
2,"F5",400,"OtherDeciduous","NewStems",NA,0,"Deciduous"
2,"F5",400,"OtherDeciduous","OldStems",NA,0,"Deciduous"
2,"F5",400,"OtherDeciduous","Inflor",NA,0,"Deciduous"
2,"F5",400,"OtherDeciduous","BelowStem",NA,0,"Deciduous"
2,"F5",400,"Ledpal","NewLeaves","905",5.16,"Evergreen"
2,"F5",400,"Ledpal","NewStems","906",3.21,"Evergreen"
2,"F5",400,"Ledpal","OldLeaves","907",2.792,"Evergreen"
2,"F5",400,"Ledpal","OldStems","908",27.873,"Evergreen"
2,"F5",400,"Ledpal","Inflor","909",2.214,"Evergreen"
2,"F5",400,"Ledpal","BelowStem","910",32.187,"Evergreen"
2,"F5",400,"Vacvit","NewLeaves","922",0.204,"Evergreen"
2,"F5",400,"Vacvit","NewStems","923",0.05,"Evergreen"
2,"F5",400,"Vacvit","OldLeaves","924",0.556,"Evergreen"
2,"F5",400,"Vacvit","OldStems","925",0.183,"Evergreen"
2,"F5",400,"Vacvit","Inflor",NA,0,"Evergreen"
2,"F5",400,"Vacvit","BelowStem","607",0.187,"Evergreen"
2,"F5",400,"Castet","NewStems",NA,0,"Evergreen"
2,"F5",400,"Castet","OldStems",NA,0,"Evergreen"
2,"F5",400,"Castet","Inflor",NA,0,"Evergreen"
2,"F5",400,"Castet","BelowStem",NA,0,"Evergreen"
2,"F5",400,"OtherEvergreen","NewLeaves","916",0.127,"Evergreen"
2,"F5",400,"OtherEvergreen","NewStems","917",0.031,"Evergreen"
2,"F5",400,"OtherEvergreen","OldLeaves","918",0.299,"Evergreen"
2,"F5",400,"OtherEvergreen","OldStems","919",0.478,"Evergreen"
2,"F5",400,"OtherEvergreen","Inflor",NA,0,"Evergreen"
2,"F5",400,"OtherEvergreen","BelowStem","921",0.432,"Evergreen"
2,"F5",400,"Rubcha","LeavesStems",NA,0,"Forb"
2,"F5",400,"Rubcha","InflorStalks",NA,0,"Forb"
2,"F5",400,"Rubcha","BelowStem","926",0.138,"Forb"
2,"F5",400,"Petfri","LeavesStems",NA,0,"Forb"
2,"F5",400,"Petfri","InflorStalks",NA,0,"Forb"
2,"F5",400,"Petfri","BelowStem",NA,0,"Forb"
2,"F5",400,"OtherForb","LeavesStems","930",0.22,"Forb"
2,"F5",400,"OtherForb","InflorStalks",NA,0,"Forb"
2,"F5",400,"OtherForb","BelowStem","1021",0.528,"Forb"
2,"F5",400,"Sphagnum","Green",NA,0,"Moss"
2,"F5",400,"OtherMoss","Green","904",1.115,"Moss"
2,"F5",400,"Lichen","Live","608",0.077,"Lichen"
2,"F5",400,"Attached","Wood","611",3.427,"Litter"
2,"F5",400,"Attached","Litter","610",0.362,"Litter"
2,"F10",400,"Erivag","BladeSheathInflCulm",NA,0,"Graminoid"
2,"F10",400,"Erivag","Rhizome",NA,0,"Graminoid"
2,"F10",400,"Carbig","BladeSheathInflCulm","735",4.384,"Graminoid"
2,"F10",400,"Carbig","Rhizome","738",6.176,"Graminoid"
2,"F10",400,"OtherGraminoid","BladeSheathInflCulm",NA,0,"Graminoid"
2,"F10",400,"OtherGraminoid","Rhizome","744",0.722,"Graminoid"
2,"F10",400,"Betnan","NewLeaves","730",16.536,"Deciduous"
2,"F10",400,"Betnan","NewStems","731",5.382,"Deciduous"
2,"F10",400,"Betnan","OldStems","732",81.052,"Deciduous"
2,"F10",400,"Betnan","Inflor","733",2.444,"Deciduous"
2,"F10",400,"Betnan","BelowStem","734",115.301,"Deciduous"
2,"F10",400,"Salpul","NewLeaves",NA,0,"Deciduous"
2,"F10",400,"Salpul","NewStems",NA,0,"Deciduous"
2,"F10",400,"Salpul","OldStems",NA,0,"Deciduous"
2,"F10",400,"Salpul","Inflor",NA,0,"Deciduous"
2,"F10",400,"Salpul","BelowStem",NA,0,"Deciduous"
2,"F10",400,"Vaculi","NewLeaves",NA,0,"Deciduous"
2,"F10",400,"Vaculi","NewStems",NA,0,"Deciduous"
2,"F10",400,"Vaculi","OldStems",NA,0,"Deciduous"
2,"F10",400,"Vaculi","Inflor",NA,0,"Deciduous"
2,"F10",400,"Vaculi","BelowStem",NA,0,"Deciduous"
2,"F10",400,"OtherDeciduous","NewLeaves",NA,0,"Deciduous"
2,"F10",400,"OtherDeciduous","NewStems",NA,0,"Deciduous"
2,"F10",400,"OtherDeciduous","OldStems",NA,0,"Deciduous"
2,"F10",400,"OtherDeciduous","Inflor",NA,0,"Deciduous"
2,"F10",400,"OtherDeciduous","BelowStem",NA,0,"Deciduous"
2,"F10",400,"Ledpal","NewLeaves","739",0.091,"Evergreen"
2,"F10",400,"Ledpal","NewStems","740",0.067,"Evergreen"
2,"F10",400,"Ledpal","OldLeaves",NA,0,"Evergreen"
2,"F10",400,"Ledpal","OldStems","741",0.309,"Evergreen"
2,"F10",400,"Ledpal","Inflor",NA,0,"Evergreen"
2,"F10",400,"Ledpal","BelowStem","742",4.828,"Evergreen"
2,"F10",400,"Vacvit","NewLeaves",NA,0,"Evergreen"
2,"F10",400,"Vacvit","NewStems",NA,0,"Evergreen"
2,"F10",400,"Vacvit","OldLeaves",NA,0,"Evergreen"
2,"F10",400,"Vacvit","OldStems",NA,0,"Evergreen"
2,"F10",400,"Vacvit","Inflor",NA,0,"Evergreen"
2,"F10",400,"Vacvit","BelowStem",NA,0,"Evergreen"
2,"F10",400,"Castet","NewStems",NA,0,"Evergreen"
2,"F10",400,"Castet","OldStems",NA,0,"Evergreen"
2,"F10",400,"Castet","Inflor",NA,0,"Evergreen"
2,"F10",400,"Castet","BelowStem",NA,0,"Evergreen"
2,"F10",400,"OtherEvergreen","NewLeaves",NA,0,"Evergreen"
2,"F10",400,"OtherEvergreen","NewStems",NA,0,"Evergreen"
2,"F10",400,"OtherEvergreen","OldLeaves",NA,0,"Evergreen"
2,"F10",400,"OtherEvergreen","OldStems",NA,0,"Evergreen"
2,"F10",400,"OtherEvergreen","Inflor",NA,0,"Evergreen"
2,"F10",400,"OtherEvergreen","BelowStem",NA,0,"Evergreen"
2,"F10",400,"Rubcha","LeavesStems","736",12.495,"Forb"
2,"F10",400,"Rubcha","InflorStalks",NA,0,"Forb"
2,"F10",400,"Rubcha","BelowStem","737",28.069,"Forb"
2,"F10",400,"Petfri","LeavesStems",NA,0,"Forb"
2,"F10",400,"Petfri","InflorStalks",NA,0,"Forb"
2,"F10",400,"Petfri","BelowStem",NA,0,"Forb"
2,"F10",400,"OtherForb","LeavesStems",NA,0,"Forb"
2,"F10",400,"OtherForb","InflorStalks",NA,0,"Forb"
2,"F10",400,"OtherForb","BelowStem",NA,0,"Forb"
2,"F10",400,"Sphagnum","Green",NA,0,"Moss"
2,"F10",400,"OtherMoss","Green","479",0.441,"Moss"
2,"F10",400,"Lichen","Live","743",0.035,"Lichen"
2,"F10",400,"Attached","Wood",NA,0,"Litter"
2,"F10",400,"Attached","Litter","474",0.572,"Litter"
3,"CT",400,"Erivag","BladeSheathInflCulm","1045",0.737,"Graminoid"
3,"CT",400,"Erivag","Rhizome","1048",0.404,"Graminoid"
3,"CT",400,"Carbig","BladeSheathInflCulm","1152",0.947,"Graminoid"
3,"CT",400,"Carbig","Rhizome","1160",1.718,"Graminoid"
3,"CT",400,"OtherGraminoid","BladeSheathInflCulm","982",0.317,"Graminoid"
3,"CT",400,"OtherGraminoid","Rhizome","985",0.81,"Graminoid"
3,"CT",400,"Betnan","NewLeaves","986",7.244,"Deciduous"
3,"CT",400,"Betnan","NewStems","989",1.293,"Deciduous"
3,"CT",400,"Betnan","OldStems","966",20.033,"Deciduous"
3,"CT",400,"Betnan","Inflor","1156",0,"Deciduous"
3,"CT",400,"Betnan","BelowStem","983",24.857,"Deciduous"
3,"CT",400,"Salpul","NewLeaves","1025",0.067,"Deciduous"
3,"CT",400,"Salpul","NewStems","1028",0.018,"Deciduous"
3,"CT",400,"Salpul","OldStems","1031",0.127,"Deciduous"
3,"CT",400,"Salpul","Inflor",NA,0,"Deciduous"
3,"CT",400,"Salpul","BelowStem",NA,0,"Deciduous"
3,"CT",400,"Vaculi","NewLeaves","988",1.373,"Deciduous"
3,"CT",400,"Vaculi","NewStems","962",0.403,"Deciduous"
3,"CT",400,"Vaculi","OldStems","965",3.428,"Deciduous"
3,"CT",400,"Vaculi","Inflor","968",3.602,"Deciduous"
3,"CT",400,"Vaculi","BelowStem","971",4.371,"Deciduous"
3,"CT",400,"OtherDeciduous","NewLeaves",NA,0,"Deciduous"
3,"CT",400,"OtherDeciduous","NewStems",NA,0,"Deciduous"
3,"CT",400,"OtherDeciduous","OldStems",NA,0,"Deciduous"
3,"CT",400,"OtherDeciduous","Inflor",NA,0,"Deciduous"
3,"CT",400,"OtherDeciduous","BelowStem",NA,0,"Deciduous"
3,"CT",400,"Ledpal","NewLeaves","1043",1.527,"Evergreen"
3,"CT",400,"Ledpal","NewStems","1049",0.376,"Evergreen"
3,"CT",400,"Ledpal","OldLeaves","1046",0.954,"Evergreen"
3,"CT",400,"Ledpal","OldStems","1023",6.583,"Evergreen"
3,"CT",400,"Ledpal","Inflor","1164",0.048,"Evergreen"
3,"CT",400,"Ledpal","BelowStem","1026",13.096,"Evergreen"
3,"CT",400,"Vacvit","NewLeaves","1024",1.675,"Evergreen"
3,"CT",400,"Vacvit","NewStems","1030",0.338,"Evergreen"
3,"CT",400,"Vacvit","OldLeaves","1027",2.248,"Evergreen"
3,"CT",400,"Vacvit","OldStems","1033",1.451,"Evergreen"
3,"CT",400,"Vacvit","Inflor","1036",0.121,"Evergreen"
3,"CT",400,"Vacvit","BelowStem","1039",3.536,"Evergreen"
3,"CT",400,"Castet","NewStems","1032",0.482,"Evergreen"
3,"CT",400,"Castet","OldStems","1038",4.557,"Evergreen"
3,"CT",400,"Castet","Inflor","1600",0.02,"Evergreen"
3,"CT",400,"Castet","BelowStem","1044",1.096,"Evergreen"
3,"CT",400,"OtherEvergreen","NewLeaves","1041",0.024,"Evergreen"
3,"CT",400,"OtherEvergreen","NewStems","1050",0.003,"Evergreen"
3,"CT",400,"OtherEvergreen","OldLeaves","973",0.049,"Evergreen"
3,"CT",400,"OtherEvergreen","OldStems","976",0.023,"Evergreen"
3,"CT",400,"OtherEvergreen","Inflor","979",0.01,"Evergreen"
3,"CT",400,"OtherEvergreen","BelowStem","1594",0.011,"Evergreen"
3,"CT",400,"Rubcha","LeavesStems",NA,0,"Forb"
3,"CT",400,"Rubcha","InflorStalks",NA,0,"Forb"
3,"CT",400,"Rubcha","BelowStem",NA,0,"Forb"
3,"CT",400,"Petfri","LeavesStems","974",0.812,"Forb"
3,"CT",400,"Petfri","InflorStalks",NA,0,"Forb"
3,"CT",400,"Petfri","BelowStem","1379",0.272,"Forb"
3,"CT",400,"OtherForb","LeavesStems","977",0.567,"Forb"
3,"CT",400,"OtherForb","InflorStalks","1167",0,"Forb"
3,"CT",400,"OtherForb","BelowStem","980",2.531,"Forb"
3,"CT",400,"Sphagnum","Green","1047",12.71,"Moss"
3,"CT",400,"OtherMoss","Green","1037",11.39,"Moss"
3,"CT",400,"Lichen","Live","1040",14.357,"Lichen"
3,"CT",400,"Attached","Wood",NA,0,"Litter"
3,"CT",400,"Attached","Litter","1042",0.014,"Litter"
3,"F0.5",400,"Erivag","BladeSheathInflCulm","1957",0.513,"Graminoid"
3,"F0.5",400,"Erivag","Rhizome","1774",0.156,"Graminoid"
3,"F0.5",400,"Carbig","BladeSheathInflCulm","1917",1.719,"Graminoid"
3,"F0.5",400,"Carbig","Rhizome","1920",4.414,"Graminoid"
3,"F0.5",400,"OtherGraminoid","BladeSheathInflCulm","1891",1.63,"Graminoid"
3,"F0.5",400,"OtherGraminoid","Rhizome","1892",2.112,"Graminoid"
3,"F0.5",400,"Betnan","NewLeaves","1893",3.527,"Deciduous"
3,"F0.5",400,"Betnan","NewStems","1894",2.531,"Deciduous"
3,"F0.5",400,"Betnan","OldStems","1895",7.071,"Deciduous"
3,"F0.5",400,"Betnan","Inflor","1828",0.042,"Deciduous"
3,"F0.5",400,"Betnan","BelowStem","1896",26.76,"Deciduous"
3,"F0.5",400,"Salpul","NewLeaves","1761",0.883,"Deciduous"
3,"F0.5",400,"Salpul","NewStems","1762",0.23,"Deciduous"
3,"F0.5",400,"Salpul","OldStems","1763",1.856,"Deciduous"
3,"F0.5",400,"Salpul","Inflor",NA,0,"Deciduous"
3,"F0.5",400,"Salpul","BelowStem","1766",15.716,"Deciduous"
3,"F0.5",400,"Vaculi","NewLeaves",NA,0,"Deciduous"
3,"F0.5",400,"Vaculi","NewStems",NA,0,"Deciduous"
3,"F0.5",400,"Vaculi","OldStems",NA,0,"Deciduous"
3,"F0.5",400,"Vaculi","Inflor",NA,0,"Deciduous"
3,"F0.5",400,"Vaculi","BelowStem",NA,0,"Deciduous"
3,"F0.5",400,"OtherDeciduous","NewLeaves",NA,0,"Deciduous"
3,"F0.5",400,"OtherDeciduous","NewStems",NA,0,"Deciduous"
3,"F0.5",400,"OtherDeciduous","OldStems",NA,0,"Deciduous"
3,"F0.5",400,"OtherDeciduous","Inflor",NA,0,"Deciduous"
3,"F0.5",400,"OtherDeciduous","BelowStem",NA,0,"Deciduous"
3,"F0.5",400,"Ledpal","NewLeaves","1897",1.694,"Evergreen"
3,"F0.5",400,"Ledpal","NewStems","1898",1.118,"Evergreen"
3,"F0.5",400,"Ledpal","OldLeaves","1899",1.607,"Evergreen"
3,"F0.5",400,"Ledpal","OldStems","1900",6.758,"Evergreen"
3,"F0.5",400,"Ledpal","Inflor","1953",0.189,"Evergreen"
3,"F0.5",400,"Ledpal","BelowStem","1901",13.73,"Evergreen"
3,"F0.5",400,"Vacvit","NewLeaves","1902",0.942,"Evergreen"
3,"F0.5",400,"Vacvit","NewStems","1903",0.298,"Evergreen"
3,"F0.5",400,"Vacvit","OldLeaves","1904",0.575,"Evergreen"
3,"F0.5",400,"Vacvit","OldStems","1905",1.494,"Evergreen"
3,"F0.5",400,"Vacvit","Inflor","1906",0.209,"Evergreen"
3,"F0.5",400,"Vacvit","BelowStem","1907",4.385,"Evergreen"
3,"F0.5",400,"Castet","NewStems","1913",0.814,"Evergreen"
3,"F0.5",400,"Castet","OldStems","1914",5.951,"Evergreen"
3,"F0.5",400,"Castet","Inflor","1528",0.074,"Evergreen"
3,"F0.5",400,"Castet","BelowStem","1915",2.982,"Evergreen"
3,"F0.5",400,"OtherEvergreen","NewLeaves","1671",0.038,"Evergreen"
3,"F0.5",400,"OtherEvergreen","NewStems","1672",0.006,"Evergreen"
3,"F0.5",400,"OtherEvergreen","OldLeaves","1673",0.03,"Evergreen"
3,"F0.5",400,"OtherEvergreen","OldStems","1674",0.035,"Evergreen"
3,"F0.5",400,"OtherEvergreen","Inflor",NA,0,"Evergreen"
3,"F0.5",400,"OtherEvergreen","BelowStem","1675",0.31,"Evergreen"
3,"F0.5",400,"Rubcha","LeavesStems",NA,0,"Forb"
3,"F0.5",400,"Rubcha","InflorStalks",NA,0,"Forb"
3,"F0.5",400,"Rubcha","BelowStem",NA,0,"Forb"
3,"F0.5",400,"Petfri","LeavesStems","1908",1.112,"Forb"
3,"F0.5",400,"Petfri","InflorStalks",NA,0,"Forb"
3,"F0.5",400,"Petfri","BelowStem","1916",2.112,"Forb"
3,"F0.5",400,"OtherForb","LeavesStems","1911",0.417,"Forb"
3,"F0.5",400,"OtherForb","InflorStalks","1954",0.056,"Forb"
3,"F0.5",400,"OtherForb","BelowStem","1912",0.375,"Forb"
3,"F0.5",400,"Sphagnum","Green","1918",1.355,"Moss"
3,"F0.5",400,"OtherMoss","Green","1909",17.709,"Moss"
3,"F0.5",400,"Lichen","Live","1910",14.334,"Lichen"
3,"F0.5",400,"Attached","Wood","1919",0.659,"Litter"
3,"F0.5",400,"Attached","Litter","1770",0.151,"Litter"
3,"F1",400,"Erivag","BladeSheathInflCulm",NA,0,"Graminoid"
3,"F1",400,"Erivag","Rhizome",NA,0,"Graminoid"
3,"F1",400,"Carbig","BladeSheathInflCulm","774",2.242,"Graminoid"
3,"F1",400,"Carbig","Rhizome","780",2.463,"Graminoid"
3,"F1",400,"OtherGraminoid","BladeSheathInflCulm",NA,0,"Graminoid"
3,"F1",400,"OtherGraminoid","Rhizome",NA,0,"Graminoid"
3,"F1",400,"Betnan","NewLeaves","777",7.901,"Deciduous"
3,"F1",400,"Betnan","NewStems","803",1.457,"Deciduous"
3,"F1",400,"Betnan","OldStems","806",34.522,"Deciduous"
3,"F1",400,"Betnan","Inflor","1304",0.218,"Deciduous"
3,"F1",400,"Betnan","BelowStem","809",57.436,"Deciduous"
3,"F1",400,"Salpul","NewLeaves","801",1.513,"Deciduous"
3,"F1",400,"Salpul","NewStems","804",0.426,"Deciduous"
3,"F1",400,"Salpul","OldStems","807",12.938,"Deciduous"
3,"F1",400,"Salpul","Inflor",NA,0,"Deciduous"
3,"F1",400,"Salpul","BelowStem",NA,0,"Deciduous"
3,"F1",400,"Vaculi","NewLeaves","1206",0.046,"Deciduous"
3,"F1",400,"Vaculi","NewStems","1207",0.004,"Deciduous"
3,"F1",400,"Vaculi","OldStems","1208",0.073,"Deciduous"
3,"F1",400,"Vaculi","Inflor",NA,0,"Deciduous"
3,"F1",400,"Vaculi","BelowStem",NA,0,"Deciduous"
3,"F1",400,"OtherDeciduous","NewLeaves",NA,0,"Deciduous"
3,"F1",400,"OtherDeciduous","NewStems",NA,0,"Deciduous"
3,"F1",400,"OtherDeciduous","OldStems",NA,0,"Deciduous"
3,"F1",400,"OtherDeciduous","Inflor",NA,0,"Deciduous"
3,"F1",400,"OtherDeciduous","BelowStem",NA,0,"Deciduous"
3,"F1",400,"Ledpal","NewLeaves","1054",3.536,"Evergreen"
3,"F1",400,"Ledpal","NewStems","1051",1.115,"Evergreen"
3,"F1",400,"Ledpal","OldLeaves","1057",1.411,"Evergreen"
3,"F1",400,"Ledpal","OldStems","1060",13.348,"Evergreen"
3,"F1",400,"Ledpal","Inflor","1066",0.336,"Evergreen"
3,"F1",400,"Ledpal","BelowStem","1063",12.566,"Evergreen"
3,"F1",400,"Vacvit","NewLeaves","1069",1.665,"Evergreen"
3,"F1",400,"Vacvit","NewStems","1072",0.311,"Evergreen"
3,"F1",400,"Vacvit","OldLeaves","1075",1.327,"Evergreen"
3,"F1",400,"Vacvit","OldStems","1078",1.015,"Evergreen"
3,"F1",400,"Vacvit","Inflor",NA,0,"Evergreen"
3,"F1",400,"Vacvit","BelowStem","1052",4.892,"Evergreen"
3,"F1",400,"Castet","NewStems",NA,0,"Evergreen"
3,"F1",400,"Castet","OldStems",NA,0,"Evergreen"
3,"F1",400,"Castet","Inflor",NA,0,"Evergreen"
3,"F1",400,"Castet","BelowStem",NA,0,"Evergreen"
3,"F1",400,"OtherEvergreen","NewLeaves","1055",1.615,"Evergreen"
3,"F1",400,"OtherEvergreen","NewStems","1058",0.238,"Evergreen"
3,"F1",400,"OtherEvergreen","OldLeaves","1061",2.439,"Evergreen"
3,"F1",400,"OtherEvergreen","OldStems","1064",4.043,"Evergreen"
3,"F1",400,"OtherEvergreen","Inflor","1070",0.224,"Evergreen"
3,"F1",400,"OtherEvergreen","BelowStem","1067",1.013,"Evergreen"
3,"F1",400,"Rubcha","LeavesStems",NA,0,"Forb"
3,"F1",400,"Rubcha","InflorStalks",NA,0,"Forb"
3,"F1",400,"Rubcha","BelowStem",NA,0,"Forb"
3,"F1",400,"Petfri","LeavesStems",NA,0,"Forb"
3,"F1",400,"Petfri","InflorStalks",NA,0,"Forb"
3,"F1",400,"Petfri","BelowStem",NA,0,"Forb"
3,"F1",400,"OtherForb","LeavesStems","1073",0.774,"Forb"
3,"F1",400,"OtherForb","InflorStalks",NA,0,"Forb"
3,"F1",400,"OtherForb","BelowStem","1310",0.105,"Forb"
3,"F1",400,"Sphagnum","Green","1076",2.503,"Moss"
3,"F1",400,"OtherMoss","Green","1079",11.119,"Moss"
3,"F1",400,"Lichen","Live","1053",30.162,"Lichen"
3,"F1",400,"Attached","Wood",NA,0,"Litter"
3,"F1",400,"Attached","Litter",NA,0,"Litter"
3,"F2",400,"Erivag","BladeSheathInflCulm","835",0.125,"Graminoid"
3,"F2",400,"Erivag","Rhizome",NA,0,"Graminoid"
3,"F2",400,"Carbig","BladeSheathInflCulm","812",3.287,"Graminoid"
3,"F2",400,"Carbig","Rhizome","815",15.608,"Graminoid"
3,"F2",400,"OtherGraminoid","BladeSheathInflCulm","818",1.886,"Graminoid"
3,"F2",400,"OtherGraminoid","Rhizome","821",1.912,"Graminoid"
3,"F2",400,"Betnan","NewLeaves","824",6.598,"Deciduous"
3,"F2",400,"Betnan","NewStems","827",1.008,"Deciduous"
3,"F2",400,"Betnan","OldStems","850",17.432,"Deciduous"
3,"F2",400,"Betnan","Inflor","833",0.181,"Deciduous"
3,"F2",400,"Betnan","BelowStem","836",30.857,"Deciduous"
3,"F2",400,"Salpul","NewLeaves",NA,0,"Deciduous"
3,"F2",400,"Salpul","NewStems",NA,0,"Deciduous"
3,"F2",400,"Salpul","OldStems",NA,0,"Deciduous"
3,"F2",400,"Salpul","Inflor",NA,0,"Deciduous"
3,"F2",400,"Salpul","BelowStem",NA,0,"Deciduous"
3,"F2",400,"Vaculi","NewLeaves","1266",0.988,"Deciduous"
3,"F2",400,"Vaculi","NewStems","1267",0.442,"Deciduous"
3,"F2",400,"Vaculi","OldStems","1268",4.313,"Deciduous"
3,"F2",400,"Vaculi","Inflor","1289",0.023,"Deciduous"
3,"F2",400,"Vaculi","BelowStem","1290",9.002,"Deciduous"
3,"F2",400,"OtherDeciduous","NewLeaves","1328",4.072,"Deciduous"
3,"F2",400,"OtherDeciduous","NewStems","1270",0.384,"Deciduous"
3,"F2",400,"OtherDeciduous","OldStems","1330",3.9,"Deciduous"
3,"F2",400,"OtherDeciduous","Inflor","1329",0.431,"Deciduous"
3,"F2",400,"OtherDeciduous","BelowStem","1331",5.177,"Deciduous"
3,"F2",400,"Ledpal","NewLeaves","839",6.497,"Evergreen"
3,"F2",400,"Ledpal","NewStems","813",2.512,"Evergreen"
3,"F2",400,"Ledpal","OldLeaves","816",2.75,"Evergreen"
3,"F2",400,"Ledpal","OldStems","819",18.288,"Evergreen"
3,"F2",400,"Ledpal","Inflor","822",0.783,"Evergreen"
3,"F2",400,"Ledpal","BelowStem","825",21.189,"Evergreen"
3,"F2",400,"Vacvit","NewLeaves","828",1.434,"Evergreen"
3,"F2",400,"Vacvit","NewStems","831",0.47,"Evergreen"
3,"F2",400,"Vacvit","OldLeaves","834",2.917,"Evergreen"
3,"F2",400,"Vacvit","OldStems","837",1.802,"Evergreen"
3,"F2",400,"Vacvit","Inflor","1624",0.023,"Evergreen"
3,"F2",400,"Vacvit","BelowStem","844",3.876,"Evergreen"
3,"F2",400,"Castet","NewStems",NA,0,"Evergreen"
3,"F2",400,"Castet","OldStems",NA,0,"Evergreen"
3,"F2",400,"Castet","Inflor",NA,0,"Evergreen"
3,"F2",400,"Castet","BelowStem",NA,0,"Evergreen"
3,"F2",400,"OtherEvergreen","NewLeaves",NA,0,"Evergreen"
3,"F2",400,"OtherEvergreen","NewStems",NA,0,"Evergreen"
3,"F2",400,"OtherEvergreen","OldLeaves",NA,0,"Evergreen"
3,"F2",400,"OtherEvergreen","OldStems",NA,0,"Evergreen"
3,"F2",400,"OtherEvergreen","Inflor",NA,0,"Evergreen"
3,"F2",400,"OtherEvergreen","BelowStem",NA,0,"Evergreen"
3,"F2",400,"Rubcha","LeavesStems","841",0.465,"Forb"
3,"F2",400,"Rubcha","InflorStalks",NA,0,"Forb"
3,"F2",400,"Rubcha","BelowStem","847",5.858,"Forb"
3,"F2",400,"Petfri","LeavesStems",NA,0,"Forb"
3,"F2",400,"Petfri","InflorStalks",NA,0,"Forb"
3,"F2",400,"Petfri","BelowStem",NA,0,"Forb"
3,"F2",400,"OtherForb","LeavesStems","1349",0.026,"Forb"
3,"F2",400,"OtherForb","InflorStalks",NA,0,"Forb"
3,"F2",400,"OtherForb","BelowStem",NA,0,"Forb"
3,"F2",400,"Sphagnum","Green","859",0.016,"Moss"
3,"F2",400,"OtherMoss","Green","856",9.383,"Moss"
3,"F2",400,"Lichen","Live","853",7.386,"Lichen"
3,"F2",400,"Attached","Wood",NA,0,"Litter"
3,"F2",400,"Attached","Litter","862",0.467,"Litter"
3,"F5",400,"Erivag","BladeSheathInflCulm",NA,0.351,"Graminoid"
3,"F5",400,"Erivag","Rhizome","1156",0,"Graminoid"
3,"F5",400,"Carbig","BladeSheathInflCulm","1471",0.521,"Graminoid"
3,"F5",400,"Carbig","Rhizome",NA,0,"Graminoid"
3,"F5",400,"OtherGraminoid","BladeSheathInflCulm","1520",2.3,"Graminoid"
3,"F5",400,"OtherGraminoid","Rhizome","1521",5.822,"Graminoid"
3,"F5",400,"Betnan","NewLeaves","1506",6.061,"Deciduous"
3,"F5",400,"Betnan","NewStems","1507",1.05,"Deciduous"
3,"F5",400,"Betnan","OldStems","1509",25.555,"Deciduous"
3,"F5",400,"Betnan","Inflor","1508",0.082,"Deciduous"
3,"F5",400,"Betnan","BelowStem","1510",21.474,"Deciduous"
3,"F5",400,"Salpul","NewLeaves",NA,0,"Deciduous"
3,"F5",400,"Salpul","NewStems",NA,0,"Deciduous"
3,"F5",400,"Salpul","OldStems",NA,0,"Deciduous"
3,"F5",400,"Salpul","Inflor",NA,0,"Deciduous"
3,"F5",400,"Salpul","BelowStem",NA,0,"Deciduous"
3,"F5",400,"Vaculi","NewLeaves",NA,0,"Deciduous"
3,"F5",400,"Vaculi","NewStems",NA,0,"Deciduous"
3,"F5",400,"Vaculi","OldStems",NA,0,"Deciduous"
3,"F5",400,"Vaculi","Inflor",NA,0,"Deciduous"
3,"F5",400,"Vaculi","BelowStem",NA,0,"Deciduous"
3,"F5",400,"OtherDeciduous","NewLeaves",NA,0,"Deciduous"
3,"F5",400,"OtherDeciduous","NewStems",NA,0,"Deciduous"
3,"F5",400,"OtherDeciduous","OldStems",NA,0,"Deciduous"
3,"F5",400,"OtherDeciduous","Inflor",NA,0,"Deciduous"
3,"F5",400,"OtherDeciduous","BelowStem",NA,0,"Deciduous"
3,"F5",400,"Ledpal","NewLeaves","1511",2.598,"Evergreen"
3,"F5",400,"Ledpal","NewStems","1512",1.818,"Evergreen"
3,"F5",400,"Ledpal","OldLeaves","1513",4.642,"Evergreen"
3,"F5",400,"Ledpal","OldStems","1514",13.393,"Evergreen"
3,"F5",400,"Ledpal","Inflor","1515",0.735,"Evergreen"
3,"F5",400,"Ledpal","BelowStem","1566",9.552,"Evergreen"
3,"F5",400,"Vacvit","NewLeaves","1567",0.654,"Evergreen"
3,"F5",400,"Vacvit","NewStems","1568",0.21,"Evergreen"
3,"F5",400,"Vacvit","OldLeaves","1522",1.468,"Evergreen"
3,"F5",400,"Vacvit","OldStems","1523",0.978,"Evergreen"
3,"F5",400,"Vacvit","Inflor","1571",0.047,"Evergreen"
3,"F5",400,"Vacvit","BelowStem","1572",2.101,"Evergreen"
3,"F5",400,"Castet","NewStems","1519",0.051,"Evergreen"
3,"F5",400,"Castet","OldStems","1517",1.087,"Evergreen"
3,"F5",400,"Castet","Inflor","1475",0,"Evergreen"
3,"F5",400,"Castet","BelowStem","1518",1.147,"Evergreen"
3,"F5",400,"OtherEvergreen","NewLeaves",NA,0,"Evergreen"
3,"F5",400,"OtherEvergreen","NewStems",NA,0,"Evergreen"
3,"F5",400,"OtherEvergreen","OldLeaves",NA,0,"Evergreen"
3,"F5",400,"OtherEvergreen","OldStems",NA,0,"Evergreen"
3,"F5",400,"OtherEvergreen","Inflor",NA,0,"Evergreen"
3,"F5",400,"OtherEvergreen","BelowStem",NA,0,"Evergreen"
3,"F5",400,"Rubcha","LeavesStems",NA,0,"Forb"
3,"F5",400,"Rubcha","InflorStalks",NA,0,"Forb"
3,"F5",400,"Rubcha","BelowStem",NA,0,"Forb"
3,"F5",400,"Petfri","LeavesStems","1625",0.323,"Forb"
3,"F5",400,"Petfri","InflorStalks",NA,0,"Forb"
3,"F5",400,"Petfri","BelowStem","1626",0.575,"Forb"
3,"F5",400,"OtherForb","LeavesStems","1408",0.174,"Forb"
3,"F5",400,"OtherForb","InflorStalks","1409",0,"Forb"
3,"F5",400,"OtherForb","BelowStem","1410",0.56,"Forb"
3,"F5",400,"Sphagnum","Green",NA,0,"Moss"
3,"F5",400,"OtherMoss","Green","1619",0.083,"Moss"
3,"F5",400,"Lichen","Live","1489",0.11,"Lichen"
3,"F5",400,"Attached","Wood",NA,0,"Litter"
3,"F5",400,"Attached","Litter","1516",0.256,"Litter"
3,"F10",400,"Erivag","BladeSheathInflCulm","1588",0.15,"Graminoid"
3,"F10",400,"Erivag","Rhizome","1589",0.043,"Graminoid"
3,"F10",400,"Carbig","BladeSheathInflCulm",NA,0,"Graminoid"
3,"F10",400,"Carbig","Rhizome",NA,0,"Graminoid"
3,"F10",400,"OtherGraminoid","BladeSheathInflCulm","1399",0.613,"Graminoid"
3,"F10",400,"OtherGraminoid","Rhizome","1400",0.327,"Graminoid"
3,"F10",400,"Betnan","NewLeaves","1447",21.69,"Deciduous"
3,"F10",400,"Betnan","NewStems","1448",3.114,"Deciduous"
3,"F10",400,"Betnan","OldStems","1449",178.842,"Deciduous"
3,"F10",400,"Betnan","Inflor","1450",2.377,"Deciduous"
3,"F10",400,"Betnan","BelowStem","1392",88.61,"Deciduous"
3,"F10",400,"Salpul","NewLeaves","1452",0.506,"Deciduous"
3,"F10",400,"Salpul","NewStems","1453",0.156,"Deciduous"
3,"F10",400,"Salpul","OldStems","1454",0.277,"Deciduous"
3,"F10",400,"Salpul","Inflor",NA,0,"Deciduous"
3,"F10",400,"Salpul","BelowStem",NA,0,"Deciduous"
3,"F10",400,"Vaculi","NewLeaves","1296",0.293,"Deciduous"
3,"F10",400,"Vaculi","NewStems","1297",0.037,"Deciduous"
3,"F10",400,"Vaculi","OldStems","1298",0.252,"Deciduous"
3,"F10",400,"Vaculi","Inflor","1299",0.002,"Deciduous"
3,"F10",400,"Vaculi","BelowStem",NA,0,"Deciduous"
3,"F10",400,"OtherDeciduous","NewLeaves",NA,0,"Deciduous"
3,"F10",400,"OtherDeciduous","NewStems",NA,0,"Deciduous"
3,"F10",400,"OtherDeciduous","OldStems",NA,0,"Deciduous"
3,"F10",400,"OtherDeciduous","Inflor",NA,0,"Deciduous"
3,"F10",400,"OtherDeciduous","BelowStem",NA,0,"Deciduous"
3,"F10",400,"Ledpal","NewLeaves","1582",1.353,"Evergreen"
3,"F10",400,"Ledpal","NewStems","1583",0.511,"Evergreen"
3,"F10",400,"Ledpal","OldLeaves","1584",0.574,"Evergreen"
3,"F10",400,"Ledpal","OldStems","1585",4.106,"Evergreen"
3,"F10",400,"Ledpal","Inflor","1586",0.259,"Evergreen"
3,"F10",400,"Ledpal","BelowStem","1587",15.093,"Evergreen"
3,"F10",400,"Vacvit","NewLeaves",NA,0,"Evergreen"
3,"F10",400,"Vacvit","NewStems",NA,0,"Evergreen"
3,"F10",400,"Vacvit","OldLeaves",NA,0,"Evergreen"
3,"F10",400,"Vacvit","OldStems",NA,0,"Evergreen"
3,"F10",400,"Vacvit","Inflor",NA,0,"Evergreen"
3,"F10",400,"Vacvit","BelowStem",NA,0,"Evergreen"
3,"F10",400,"Castet","NewStems",NA,0,"Evergreen"
3,"F10",400,"Castet","OldStems",NA,0,"Evergreen"
3,"F10",400,"Castet","Inflor",NA,0,"Evergreen"
3,"F10",400,"Castet","BelowStem",NA,0,"Evergreen"
3,"F10",400,"OtherEvergreen","NewLeaves","1393",0.157,"Evergreen"
3,"F10",400,"OtherEvergreen","NewStems","1394",0.041,"Evergreen"
3,"F10",400,"OtherEvergreen","OldLeaves","1395",0.466,"Evergreen"
3,"F10",400,"OtherEvergreen","OldStems","1396",0.999,"Evergreen"
3,"F10",400,"OtherEvergreen","Inflor",NA,0,"Evergreen"
3,"F10",400,"OtherEvergreen","BelowStem","1446",1.699,"Evergreen"
3,"F10",400,"Rubcha","LeavesStems",NA,0,"Forb"
3,"F10",400,"Rubcha","InflorStalks",NA,0,"Forb"
3,"F10",400,"Rubcha","BelowStem",NA,0,"Forb"
3,"F10",400,"Petfri","LeavesStems",NA,0,"Forb"
3,"F10",400,"Petfri","InflorStalks",NA,0,"Forb"
3,"F10",400,"Petfri","BelowStem",NA,0,"Forb"
3,"F10",400,"OtherForb","LeavesStems",NA,0,"Forb"
3,"F10",400,"OtherForb","InflorStalks",NA,0,"Forb"
3,"F10",400,"OtherForb","BelowStem",NA,0,"Forb"
3,"F10",400,"Sphagnum","Green",NA,0,"Moss"
3,"F10",400,"OtherMoss","Green","1255",2.725,"Moss"
3,"F10",400,"Lichen","Live","1590",0.913,"Lichen"
3,"F10",400,"Attached","Wood","1668",0.995,"Litter"
3,"F10",400,"Attached","Litter","1403",0.028,"Litter"
